<?xml version="1.0" encoding="UTF-8"?>
<root>
  <item name="android.accessibilityservice.AccessibilityService android.accessibilityservice.AccessibilityService.MagnificationController getMagnificationController()">
    <annotation name="android.support.annotation.NonNull" />
  </item>
  <item name="android.accessibilityservice.AccessibilityService android.accessibilityservice.AccessibilityService.SoftKeyboardController getSoftKeyboardController()">
    <annotation name="android.support.annotation.NonNull" />
  </item>
  <item name="android.accessibilityservice.AccessibilityService boolean dispatchGesture(android.accessibilityservice.GestureDescription, android.accessibilityservice.AccessibilityService.GestureResultCallback, android.os.Handler) 0">
    <annotation name="android.support.annotation.NonNull" />
  </item>
  <item name="android.accessibilityservice.AccessibilityService boolean dispatchGesture(android.accessibilityservice.GestureDescription, android.accessibilityservice.AccessibilityService.GestureResultCallback, android.os.Handler) 1">
    <annotation name="android.support.annotation.Nullable" />
  </item>
  <item name="android.accessibilityservice.AccessibilityService boolean dispatchGesture(android.accessibilityservice.GestureDescription, android.accessibilityservice.AccessibilityService.GestureResultCallback, android.os.Handler) 2">
    <annotation name="android.support.annotation.Nullable" />
  </item>
  <item name="android.accessibilityservice.AccessibilityService java.lang.Object getSystemService(java.lang.String) 0">
    <annotation name="android.support.annotation.StringDef">
      <val name="value" val="{android.content.Context.POWER_SERVICE, android.content.Context.WINDOW_SERVICE, android.content.Context.LAYOUT_INFLATER_SERVICE, android.content.Context.ACCOUNT_SERVICE, android.content.Context.ACTIVITY_SERVICE, android.content.Context.ALARM_SERVICE, android.content.Context.NOTIFICATION_SERVICE, android.content.Context.ACCESSIBILITY_SERVICE, android.content.Context.CAPTIONING_SERVICE, android.content.Context.KEYGUARD_SERVICE, android.content.Context.LOCATION_SERVICE, android.content.Context.SEARCH_SERVICE, android.content.Context.SENSOR_SERVICE, android.content.Context.STORAGE_SERVICE, android.content.Context.WALLPAPER_SERVICE, android.content.Context.VIBRATOR_SERVICE, android.content.Context.CONNECTIVITY_SERVICE, android.content.Context.NETWORK_STATS_SERVICE, android.content.Context.WIFI_SERVICE, android.content.Context.WIFI_P2P_SERVICE, android.content.Context.NSD_SERVICE, android.content.Context.AUDIO_SERVICE, android.content.Context.FINGERPRINT_SERVICE, android.content.Context.MEDIA_ROUTER_SERVICE, android.content.Context.TELEPHONY_SERVICE, android.content.Context.TELEPHONY_SUBSCRIPTION_SERVICE, android.content.Context.CARRIER_CONFIG_SERVICE, android.content.Context.TELECOM_SERVICE, android.content.Context.CLIPBOARD_SERVICE, android.content.Context.INPUT_METHOD_SERVICE, android.content.Context.TEXT_SERVICES_MANAGER_SERVICE, android.content.Context.APPWIDGET_SERVICE, android.content.Context.DROPBOX_SERVICE, android.content.Context.DEVICE_POLICY_SERVICE, android.content.Context.UI_MODE_SERVICE, android.content.Context.DOWNLOAD_SERVICE, android.content.Context.NFC_SERVICE, android.content.Context.BLUETOOTH_SERVICE, android.content.Context.USB_SERVICE, android.content.Context.LAUNCHER_APPS_SERVICE, android.content.Context.INPUT_SERVICE, android.content.Context.DISPLAY_SERVICE, android.content.Context.USER_SERVICE, android.content.Context.RESTRICTIONS_SERVICE, android.content.Context.APP_OPS_SERVICE, android.content.Context.CAMERA_SERVICE, android.content.Context.PRINT_SERVICE, android.content.Context.CONSUMER_IR_SERVICE, android.content.Context.TV_INPUT_SERVICE, android.content.Context.USAGE_STATS_SERVICE, android.content.Context.MEDIA_SESSION_SERVICE, android.content.Context.BATTERY_SERVICE, android.content.Context.JOB_SCHEDULER_SERVICE, android.content.Context.MEDIA_PROJECTION_SERVICE, android.content.Context.MIDI_SERVICE, android.content.Context.HARDWARE_PROPERTIES_SERVICE}" />
    </annotation>
    <annotation name="android.support.annotation.NonNull" />
  </item>
  <item name="android.accessibilityservice.AccessibilityService.MagnificationController android.graphics.Region getMagnificationRegion()">
    <annotation name="android.support.annotation.NonNull" />
  </item>
  <item name="android.accessibilityservice.AccessibilityService.MagnificationController boolean removeListener(android.accessibilityservice.AccessibilityService.MagnificationController.OnMagnificationChangedListener) 0">
    <annotation name="android.support.annotation.NonNull" />
  </item>
  <item name="android.accessibilityservice.AccessibilityService.MagnificationController void addListener(android.accessibilityservice.AccessibilityService.MagnificationController.OnMagnificationChangedListener) 0">
    <annotation name="android.support.annotation.NonNull" />
  </item>
  <item name="android.accessibilityservice.AccessibilityService.MagnificationController void addListener(android.accessibilityservice.AccessibilityService.MagnificationController.OnMagnificationChangedListener, android.os.Handler) 0">
    <annotation name="android.support.annotation.NonNull" />
  </item>
  <item name="android.accessibilityservice.AccessibilityService.MagnificationController void addListener(android.accessibilityservice.AccessibilityService.MagnificationController.OnMagnificationChangedListener, android.os.Handler) 1">
    <annotation name="android.support.annotation.Nullable" />
  </item>
  <item name="android.accessibilityservice.AccessibilityService.MagnificationController.OnMagnificationChangedListener void onMagnificationChanged(android.accessibilityservice.AccessibilityService.MagnificationController, android.graphics.Region, float, float, float) 0">
    <annotation name="android.support.annotation.NonNull" />
  </item>
  <item name="android.accessibilityservice.AccessibilityService.MagnificationController.OnMagnificationChangedListener void onMagnificationChanged(android.accessibilityservice.AccessibilityService.MagnificationController, android.graphics.Region, float, float, float) 1">
    <annotation name="android.support.annotation.NonNull" />
  </item>
  <item name="android.accessibilityservice.AccessibilityService.SoftKeyboardController boolean removeOnShowModeChangedListener(android.accessibilityservice.AccessibilityService.SoftKeyboardController.OnShowModeChangedListener) 0">
    <annotation name="android.support.annotation.NonNull" />
  </item>
  <item name="android.accessibilityservice.AccessibilityService.SoftKeyboardController boolean setShowMode(int) 0">
    <annotation name="android.support.annotation.IntDef">
      <val name="value" val="{android.accessibilityservice.AccessibilityService.SHOW_MODE_AUTO, android.accessibilityservice.AccessibilityService.SHOW_MODE_HIDDEN}" />
    </annotation>
  </item>
  <item name="android.accessibilityservice.AccessibilityService.SoftKeyboardController int getShowMode()">
    <annotation name="android.support.annotation.IntDef">
      <val name="value" val="{android.accessibilityservice.AccessibilityService.SHOW_MODE_AUTO, android.accessibilityservice.AccessibilityService.SHOW_MODE_HIDDEN}" />
    </annotation>
  </item>
  <item name="android.accessibilityservice.AccessibilityService.SoftKeyboardController void addOnShowModeChangedListener(android.accessibilityservice.AccessibilityService.SoftKeyboardController.OnShowModeChangedListener) 0">
    <annotation name="android.support.annotation.NonNull" />
  </item>
  <item name="android.accessibilityservice.AccessibilityService.SoftKeyboardController void addOnShowModeChangedListener(android.accessibilityservice.AccessibilityService.SoftKeyboardController.OnShowModeChangedListener, android.os.Handler) 0">
    <annotation name="android.support.annotation.NonNull" />
  </item>
  <item name="android.accessibilityservice.AccessibilityService.SoftKeyboardController void addOnShowModeChangedListener(android.accessibilityservice.AccessibilityService.SoftKeyboardController.OnShowModeChangedListener, android.os.Handler) 1">
    <annotation name="android.support.annotation.Nullable" />
  </item>
  <item name="android.accessibilityservice.AccessibilityService.SoftKeyboardController.OnShowModeChangedListener void onShowModeChanged(android.accessibilityservice.AccessibilityService.SoftKeyboardController, int) 0">
    <annotation name="android.support.annotation.NonNull" />
  </item>
  <item name="android.accessibilityservice.AccessibilityService.SoftKeyboardController.OnShowModeChangedListener void onShowModeChanged(android.accessibilityservice.AccessibilityService.SoftKeyboardController, int) 1">
    <annotation name="android.support.annotation.IntDef">
      <val name="value" val="{android.accessibilityservice.AccessibilityService.SHOW_MODE_AUTO, android.accessibilityservice.AccessibilityService.SHOW_MODE_HIDDEN}" />
    </annotation>
  </item>
  <item name="android.accessibilityservice.GestureDescription android.accessibilityservice.GestureDescription.StrokeDescription getStroke(int) 0">
    <annotation name="android.support.annotation.IntRange">
      <val name="from" val="0" />
    </annotation>
  </item>
  <item name="android.accessibilityservice.GestureDescription.Builder android.accessibilityservice.GestureDescription.Builder addStroke(android.accessibilityservice.GestureDescription.StrokeDescription) 0">
    <annotation name="android.support.annotation.NonNull" />
  </item>
  <item name="android.accessibilityservice.GestureDescription.StrokeDescription StrokeDescription(android.graphics.Path, long, long) 0">
    <annotation name="android.support.annotation.NonNull" />
  </item>
  <item name="android.accessibilityservice.GestureDescription.StrokeDescription StrokeDescription(android.graphics.Path, long, long) 1">
    <annotation name="android.support.annotation.IntRange">
      <val name="from" val="0" />
    </annotation>
  </item>
  <item name="android.accessibilityservice.GestureDescription.StrokeDescription StrokeDescription(android.graphics.Path, long, long) 2">
    <annotation name="android.support.annotation.IntRange">
      <val name="from" val="0" />
    </annotation>
  </item>
</root>

