<?xml version="1.0" encoding="UTF-8"?>
<root>
  <item name="android.provider.BlockedNumberContract boolean isBlocked(android.content.Context, java.lang.String)">
    <annotation name="android.support.annotation.WorkerThread" />
  </item>
  <item name="android.provider.BlockedNumberContract int unblock(android.content.Context, java.lang.String)">
    <annotation name="android.support.annotation.WorkerThread" />
  </item>
  <item name="android.provider.Browser BOOKMARKS_URI">
    <annotation name="android.support.annotation.RequiresPermission.Read">
      <val name="value" val="&quot;com.android.browser.permission.READ_HISTORY_BOOKMARKS&quot;" />
      <val name="apis" val="&quot;..22&quot;" />
    </annotation>
    <annotation name="android.support.annotation.RequiresPermission.Write">
      <val name="value" val="&quot;com.android.browser.permission.WRITE_HISTORY_BOOKMARKS&quot;" />
      <val name="apis" val="&quot;..22&quot;" />
    </annotation>
  </item>
  <item name="android.provider.Browser SEARCHES_URI">
    <annotation name="android.support.annotation.RequiresPermission.Read">
      <val name="value" val="&quot;com.android.browser.permission.READ_HISTORY_BOOKMARKS&quot;" />
      <val name="apis" val="&quot;..22&quot;" />
    </annotation>
    <annotation name="android.support.annotation.RequiresPermission.Write">
      <val name="value" val="&quot;com.android.browser.permission.WRITE_HISTORY_BOOKMARKS&quot;" />
      <val name="apis" val="&quot;..22&quot;" />
    </annotation>
  </item>
  <item name="android.provider.Browser android.database.Cursor getAllBookmarks(android.content.ContentResolver)">
    <annotation name="android.support.annotation.RequiresPermission">
      <val name="value" val="&quot;com.android.browser.permission.READ_HISTORY_BOOKMARKS&quot;" />
      <val name="apis" val="&quot;..22&quot;" />
    </annotation>
  </item>
  <item name="android.provider.Browser android.database.Cursor getAllVisitedUrls(android.content.ContentResolver)">
    <annotation name="android.support.annotation.RequiresPermission">
      <val name="value" val="&quot;com.android.browser.permission.READ_HISTORY_BOOKMARKS&quot;" />
      <val name="apis" val="&quot;..22&quot;" />
    </annotation>
  </item>
  <item name="android.provider.Browser boolean canClearHistory(android.content.ContentResolver)">
    <annotation name="android.support.annotation.RequiresPermission">
      <val name="value" val="&quot;com.android.browser.permission.READ_HISTORY_BOOKMARKS&quot;" />
      <val name="apis" val="&quot;..22&quot;" />
    </annotation>
  </item>
  <item name="android.provider.Browser void addSearchUrl(android.content.ContentResolver, java.lang.String)">
    <annotation name="android.support.annotation.RequiresPermission">
      <val name="allOf" val="{&quot;com.android.browser.permission.READ_HISTORY_BOOKMARKS&quot;, &quot;com.android.browser.permission.WRITE_HISTORY_BOOKMARKS&quot;}" />
      <val name="apis" val="&quot;..22&quot;" />
    </annotation>
  </item>
  <item name="android.provider.Browser void clearHistory(android.content.ContentResolver)">
    <annotation name="android.support.annotation.RequiresPermission">
      <val name="value" val="&quot;com.android.browser.permission.WRITE_HISTORY_BOOKMARKS&quot;" />
      <val name="apis" val="&quot;..22&quot;" />
    </annotation>
  </item>
  <item name="android.provider.Browser void clearSearches(android.content.ContentResolver)">
    <annotation name="android.support.annotation.RequiresPermission">
      <val name="value" val="&quot;com.android.browser.permission.WRITE_HISTORY_BOOKMARKS&quot;" />
      <val name="apis" val="&quot;..22&quot;" />
    </annotation>
  </item>
  <item name="android.provider.Browser void deleteFromHistory(android.content.ContentResolver, java.lang.String)">
    <annotation name="android.support.annotation.RequiresPermission">
      <val name="value" val="&quot;com.android.browser.permission.WRITE_HISTORY_BOOKMARKS&quot;" />
      <val name="apis" val="&quot;..22&quot;" />
    </annotation>
  </item>
  <item name="android.provider.Browser void deleteHistoryTimeFrame(android.content.ContentResolver, long, long)">
    <annotation name="android.support.annotation.RequiresPermission">
      <val name="value" val="&quot;com.android.browser.permission.WRITE_HISTORY_BOOKMARKS&quot;" />
      <val name="apis" val="&quot;..22&quot;" />
    </annotation>
  </item>
  <item name="android.provider.Browser void requestAllIcons(android.content.ContentResolver, java.lang.String, android.webkit.WebIconDatabase.IconListener)">
    <annotation name="android.support.annotation.RequiresPermission">
      <val name="value" val="&quot;com.android.browser.permission.READ_HISTORY_BOOKMARKS&quot;" />
      <val name="apis" val="&quot;..22&quot;" />
    </annotation>
  </item>
  <item name="android.provider.Browser void truncateHistory(android.content.ContentResolver)">
    <annotation name="android.support.annotation.RequiresPermission">
      <val name="allOf" val="{&quot;com.android.browser.permission.READ_HISTORY_BOOKMARKS&quot;, &quot;com.android.browser.permission.WRITE_HISTORY_BOOKMARKS&quot;}" />
      <val name="apis" val="&quot;..22&quot;" />
    </annotation>
  </item>
  <item name="android.provider.Browser void updateVisitedHistory(android.content.ContentResolver, java.lang.String, boolean)">
    <annotation name="android.support.annotation.RequiresPermission">
      <val name="allOf" val="{&quot;com.android.browser.permission.READ_HISTORY_BOOKMARKS&quot;, &quot;com.android.browser.permission.WRITE_HISTORY_BOOKMARKS&quot;}" />
      <val name="apis" val="&quot;..22&quot;" />
    </annotation>
  </item>
  <item name="android.provider.CalendarContract CONTENT_URI">
    <annotation name="android.support.annotation.RequiresPermission.Read">
      <val name="value" val="&quot;android.permission.READ_CALENDAR&quot;" />
    </annotation>
    <annotation name="android.support.annotation.RequiresPermission.Write">
      <val name="value" val="&quot;android.permission.WRITE_CALENDAR&quot;" />
    </annotation>
  </item>
  <item name="android.provider.CalendarContract.Attendees CONTENT_URI">
    <annotation name="android.support.annotation.RequiresPermission.Read">
      <val name="value" val="&quot;android.permission.READ_CALENDAR&quot;" />
    </annotation>
    <annotation name="android.support.annotation.RequiresPermission.Write">
      <val name="value" val="&quot;android.permission.WRITE_CALENDAR&quot;" />
    </annotation>
  </item>
  <item name="android.provider.CalendarContract.CalendarAlerts CONTENT_URI">
    <annotation name="android.support.annotation.RequiresPermission.Read">
      <val name="value" val="&quot;android.permission.READ_CALENDAR&quot;" />
    </annotation>
    <annotation name="android.support.annotation.RequiresPermission.Write">
      <val name="value" val="&quot;android.permission.WRITE_CALENDAR&quot;" />
    </annotation>
  </item>
  <item name="android.provider.CalendarContract.CalendarEntity CONTENT_URI">
    <annotation name="android.support.annotation.RequiresPermission.Read">
      <val name="value" val="&quot;android.permission.READ_CALENDAR&quot;" />
    </annotation>
    <annotation name="android.support.annotation.RequiresPermission.Write">
      <val name="value" val="&quot;android.permission.WRITE_CALENDAR&quot;" />
    </annotation>
  </item>
  <item name="android.provider.CalendarContract.Calendars CONTENT_URI">
    <annotation name="android.support.annotation.RequiresPermission.Read">
      <val name="value" val="&quot;android.permission.READ_CALENDAR&quot;" />
    </annotation>
    <annotation name="android.support.annotation.RequiresPermission.Write">
      <val name="value" val="&quot;android.permission.WRITE_CALENDAR&quot;" />
    </annotation>
  </item>
  <item name="android.provider.CalendarContract.Colors CONTENT_URI">
    <annotation name="android.support.annotation.RequiresPermission.Read">
      <val name="value" val="&quot;android.permission.READ_CALENDAR&quot;" />
    </annotation>
    <annotation name="android.support.annotation.RequiresPermission.Write">
      <val name="value" val="&quot;android.permission.WRITE_CALENDAR&quot;" />
    </annotation>
  </item>
  <item name="android.provider.CalendarContract.EventDays CONTENT_URI">
    <annotation name="android.support.annotation.RequiresPermission.Read">
      <val name="value" val="&quot;android.permission.READ_CALENDAR&quot;" />
    </annotation>
    <annotation name="android.support.annotation.RequiresPermission.Write">
      <val name="value" val="&quot;android.permission.WRITE_CALENDAR&quot;" />
    </annotation>
  </item>
  <item name="android.provider.CalendarContract.Events CONTENT_URI">
    <annotation name="android.support.annotation.RequiresPermission.Read">
      <val name="value" val="&quot;android.permission.READ_CALENDAR&quot;" />
    </annotation>
    <annotation name="android.support.annotation.RequiresPermission.Write">
      <val name="value" val="&quot;android.permission.WRITE_CALENDAR&quot;" />
    </annotation>
  </item>
  <item name="android.provider.CalendarContract.EventsEntity CONTENT_URI">
    <annotation name="android.support.annotation.RequiresPermission.Read">
      <val name="value" val="&quot;android.permission.READ_CALENDAR&quot;" />
    </annotation>
    <annotation name="android.support.annotation.RequiresPermission.Write">
      <val name="value" val="&quot;android.permission.WRITE_CALENDAR&quot;" />
    </annotation>
  </item>
  <item name="android.provider.CalendarContract.ExtendedProperties CONTENT_URI">
    <annotation name="android.support.annotation.RequiresPermission.Read">
      <val name="value" val="&quot;android.permission.READ_CALENDAR&quot;" />
    </annotation>
    <annotation name="android.support.annotation.RequiresPermission.Write">
      <val name="value" val="&quot;android.permission.WRITE_CALENDAR&quot;" />
    </annotation>
  </item>
  <item name="android.provider.CalendarContract.Instances CONTENT_URI">
    <annotation name="android.support.annotation.RequiresPermission.Read">
      <val name="value" val="&quot;android.permission.READ_CALENDAR&quot;" />
    </annotation>
    <annotation name="android.support.annotation.RequiresPermission.Write">
      <val name="value" val="&quot;android.permission.WRITE_CALENDAR&quot;" />
    </annotation>
  </item>
  <item name="android.provider.CalendarContract.Reminders CONTENT_URI">
    <annotation name="android.support.annotation.RequiresPermission.Read">
      <val name="value" val="&quot;android.permission.READ_CALENDAR&quot;" />
    </annotation>
    <annotation name="android.support.annotation.RequiresPermission.Write">
      <val name="value" val="&quot;android.permission.WRITE_CALENDAR&quot;" />
    </annotation>
  </item>
  <item name="android.provider.CalendarContract.SyncState CONTENT_URI">
    <annotation name="android.support.annotation.RequiresPermission.Read">
      <val name="value" val="&quot;android.permission.READ_CALENDAR&quot;" />
    </annotation>
    <annotation name="android.support.annotation.RequiresPermission.Write">
      <val name="value" val="&quot;android.permission.WRITE_CALENDAR&quot;" />
    </annotation>
  </item>
  <item name="android.provider.CallLog CONTENT_URI">
    <annotation name="android.support.annotation.RequiresPermission.Read">
      <val name="value" val="&quot;android.permission.READ_CALL_LOG&quot;" />
    </annotation>
    <annotation name="android.support.annotation.RequiresPermission.Write">
      <val name="value" val="&quot;android.permission.WRITE_CALL_LOG&quot;" />
    </annotation>
  </item>
  <item name="android.provider.CallLog.Calls CONTENT_FILTER_URI">
    <annotation name="android.support.annotation.RequiresPermission.Read">
      <val name="value" val="&quot;android.permission.READ_CALL_LOG&quot;" />
    </annotation>
    <annotation name="android.support.annotation.RequiresPermission.Write">
      <val name="value" val="&quot;android.permission.WRITE_CALL_LOG&quot;" />
    </annotation>
  </item>
  <item name="android.provider.CallLog.Calls CONTENT_URI">
    <annotation name="android.support.annotation.RequiresPermission.Read">
      <val name="value" val="&quot;android.permission.READ_CALL_LOG&quot;" />
    </annotation>
    <annotation name="android.support.annotation.RequiresPermission.Write">
      <val name="value" val="&quot;android.permission.WRITE_CALL_LOG&quot;" />
    </annotation>
  </item>
  <item name="android.provider.CallLog.Calls CONTENT_URI_WITH_VOICEMAIL">
    <annotation name="android.support.annotation.RequiresPermission.Read">
      <val name="value" val="" />
    </annotation>
    <annotation name="android.support.annotation.RequiresPermission.Write">
      <val name="value" val="" />
    </annotation>
  </item>
  <item name="android.provider.DocumentsContract boolean isDocumentUri(android.content.Context, android.net.Uri) 1">
    <annotation name="android.support.annotation.Nullable" />
  </item>
  <item name="android.provider.DocumentsProvider android.net.Uri canonicalize(android.net.Uri)">
    <annotation name="android.support.annotation.CallSuper" />
  </item>
  <item name="android.provider.DocumentsProvider android.os.Bundle call(java.lang.String, java.lang.String, android.os.Bundle)">
    <annotation name="android.support.annotation.CallSuper" />
  </item>
  <item name="android.provider.UserDictionary CONTENT_URI">
    <annotation name="android.support.annotation.RequiresPermission.Read">
      <val name="value" val="&quot;android.permission.READ_USER_DICTIONARY&quot;" />
    </annotation>
    <annotation name="android.support.annotation.RequiresPermission.Write">
      <val name="value" val="&quot;android.permission.WRITE_USER_DICTIONARY&quot;" />
    </annotation>
  </item>
  <item name="android.provider.UserDictionary.Words CONTENT_URI">
    <annotation name="android.support.annotation.RequiresPermission.Read">
      <val name="value" val="&quot;android.permission.READ_USER_DICTIONARY&quot;" />
    </annotation>
    <annotation name="android.support.annotation.RequiresPermission.Write">
      <val name="value" val="&quot;android.permission.WRITE_USER_DICTIONARY&quot;" />
    </annotation>
  </item>
</root>

