<?xml version="1.0" encoding="UTF-8"?>
<root>
  <item name="android.content.pm.ActivityInfo screenOrientation">
    <annotation name="android.support.annotation.IntDef">
      <val name="value" val="{android.content.pm.ActivityInfo.SCREEN_ORIENTATION_UNSPECIFIED, android.content.pm.ActivityInfo.SCREEN_ORIENTATION_LANDSCAPE, android.content.pm.ActivityInfo.SCREEN_ORIENTATION_PORTRAIT, android.content.pm.ActivityInfo.SCREEN_ORIENTATION_USER, android.content.pm.ActivityInfo.SCREEN_ORIENTATION_BEHIND, android.content.pm.ActivityInfo.SCREEN_ORIENTATION_SENSOR, android.content.pm.ActivityInfo.SCREEN_ORIENTATION_NOSENSOR, android.content.pm.ActivityInfo.SCREEN_ORIENTATION_SENSOR_LANDSCAPE, android.content.pm.ActivityInfo.SCREEN_ORIENTATION_SENSOR_PORTRAIT, android.content.pm.ActivityInfo.SCREEN_ORIENTATION_REVERSE_LANDSCAPE, android.content.pm.ActivityInfo.SCREEN_ORIENTATION_REVERSE_PORTRAIT, android.content.pm.ActivityInfo.SCREEN_ORIENTATION_FULL_SENSOR, android.content.pm.ActivityInfo.SCREEN_ORIENTATION_USER_LANDSCAPE, android.content.pm.ActivityInfo.SCREEN_ORIENTATION_USER_PORTRAIT, android.content.pm.ActivityInfo.SCREEN_ORIENTATION_FULL_USER, android.content.pm.ActivityInfo.SCREEN_ORIENTATION_LOCKED}" />
    </annotation>
  </item>
  <item name="android.content.pm.PackageInstaller android.content.pm.PackageInstaller.Session openSession(int)">
    <annotation name="android.support.annotation.NonNull" />
  </item>
  <item name="android.content.pm.PackageInstaller android.content.pm.PackageInstaller.SessionInfo getSessionInfo(int)">
    <annotation name="android.support.annotation.Nullable" />
  </item>
  <item name="android.content.pm.PackageInstaller int createSession(android.content.pm.PackageInstaller.SessionParams) 0">
    <annotation name="android.support.annotation.NonNull" />
  </item>
  <item name="android.content.pm.PackageInstaller java.util.List&lt;android.content.pm.PackageInstaller.SessionInfo&gt; getAllSessions()">
    <annotation name="android.support.annotation.NonNull" />
  </item>
  <item name="android.content.pm.PackageInstaller java.util.List&lt;android.content.pm.PackageInstaller.SessionInfo&gt; getMySessions()">
    <annotation name="android.support.annotation.NonNull" />
  </item>
  <item name="android.content.pm.PackageInstaller void registerSessionCallback(android.content.pm.PackageInstaller.SessionCallback) 0">
    <annotation name="android.support.annotation.NonNull" />
  </item>
  <item name="android.content.pm.PackageInstaller void registerSessionCallback(android.content.pm.PackageInstaller.SessionCallback, android.os.Handler) 0">
    <annotation name="android.support.annotation.NonNull" />
  </item>
  <item name="android.content.pm.PackageInstaller void registerSessionCallback(android.content.pm.PackageInstaller.SessionCallback, android.os.Handler) 1">
    <annotation name="android.support.annotation.NonNull" />
  </item>
  <item name="android.content.pm.PackageInstaller void uninstall(java.lang.String, android.content.IntentSender) 0">
    <annotation name="android.support.annotation.NonNull" />
  </item>
  <item name="android.content.pm.PackageInstaller void uninstall(java.lang.String, android.content.IntentSender) 1">
    <annotation name="android.support.annotation.NonNull" />
  </item>
  <item name="android.content.pm.PackageInstaller void unregisterSessionCallback(android.content.pm.PackageInstaller.SessionCallback) 0">
    <annotation name="android.support.annotation.NonNull" />
  </item>
  <item name="android.content.pm.PackageInstaller void updateSessionAppIcon(int, android.graphics.Bitmap) 1">
    <annotation name="android.support.annotation.Nullable" />
  </item>
  <item name="android.content.pm.PackageInstaller void updateSessionAppLabel(int, java.lang.CharSequence) 1">
    <annotation name="android.support.annotation.Nullable" />
  </item>
  <item name="android.content.pm.PackageInstaller.Session java.io.InputStream openRead(java.lang.String)">
    <annotation name="android.support.annotation.NonNull" />
  </item>
  <item name="android.content.pm.PackageInstaller.Session java.io.InputStream openRead(java.lang.String) 0">
    <annotation name="android.support.annotation.NonNull" />
  </item>
  <item name="android.content.pm.PackageInstaller.Session java.io.OutputStream openWrite(java.lang.String, long, long)">
    <annotation name="android.support.annotation.NonNull" />
  </item>
  <item name="android.content.pm.PackageInstaller.Session java.io.OutputStream openWrite(java.lang.String, long, long) 0">
    <annotation name="android.support.annotation.NonNull" />
  </item>
  <item name="android.content.pm.PackageInstaller.Session java.lang.String[] getNames()">
    <annotation name="android.support.annotation.NonNull" />
  </item>
  <item name="android.content.pm.PackageInstaller.Session void commit(android.content.IntentSender) 0">
    <annotation name="android.support.annotation.NonNull" />
  </item>
  <item name="android.content.pm.PackageInstaller.Session void fsync(java.io.OutputStream) 0">
    <annotation name="android.support.annotation.NonNull" />
  </item>
  <item name="android.content.pm.PackageInstaller.Session void removeSplit(java.lang.String) 0">
    <annotation name="android.support.annotation.NonNull" />
  </item>
  <item name="android.content.pm.PackageInstaller.SessionInfo android.content.Intent createDetailsIntent()">
    <annotation name="android.support.annotation.Nullable" />
  </item>
  <item name="android.content.pm.PackageInstaller.SessionInfo android.graphics.Bitmap getAppIcon()">
    <annotation name="android.support.annotation.Nullable" />
  </item>
  <item name="android.content.pm.PackageInstaller.SessionInfo java.lang.CharSequence getAppLabel()">
    <annotation name="android.support.annotation.Nullable" />
  </item>
  <item name="android.content.pm.PackageInstaller.SessionInfo java.lang.String getAppPackageName()">
    <annotation name="android.support.annotation.Nullable" />
  </item>
  <item name="android.content.pm.PackageInstaller.SessionInfo java.lang.String getInstallerPackageName()">
    <annotation name="android.support.annotation.Nullable" />
  </item>
  <item name="android.content.pm.PackageInstaller.SessionParams void setAppIcon(android.graphics.Bitmap) 0">
    <annotation name="android.support.annotation.Nullable" />
  </item>
  <item name="android.content.pm.PackageInstaller.SessionParams void setAppLabel(java.lang.CharSequence) 0">
    <annotation name="android.support.annotation.Nullable" />
  </item>
  <item name="android.content.pm.PackageInstaller.SessionParams void setAppPackageName(java.lang.String) 0">
    <annotation name="android.support.annotation.Nullable" />
  </item>
  <item name="android.content.pm.PackageInstaller.SessionParams void setOriginatingUri(android.net.Uri) 0">
    <annotation name="android.support.annotation.Nullable" />
  </item>
  <item name="android.content.pm.PackageInstaller.SessionParams void setReferrerUri(android.net.Uri) 0">
    <annotation name="android.support.annotation.Nullable" />
  </item>
  <item name="android.content.pm.PackageManager android.content.pm.ActivityInfo getActivityInfo(android.content.ComponentName, int) 1">
    <annotation name="android.support.annotation.IntDef">
      <val name="value" val="{android.content.pm.PackageManager.GET_META_DATA, android.content.pm.PackageManager.GET_SHARED_LIBRARY_FILES, android.content.pm.PackageManager.MATCH_ALL, android.content.pm.PackageManager.MATCH_DEFAULT_ONLY, android.content.pm.PackageManager.MATCH_DISABLED_COMPONENTS, android.content.pm.PackageManager.MATCH_DISABLED_UNTIL_USED_COMPONENTS, android.content.pm.PackageManager.MATCH_DIRECT_BOOT_AWARE, android.content.pm.PackageManager.MATCH_DIRECT_BOOT_UNAWARE, android.content.pm.PackageManager.MATCH_SYSTEM_ONLY, android.content.pm.PackageManager.MATCH_UNINSTALLED_PACKAGES, android.content.pm.PackageManager.GET_DISABLED_COMPONENTS, android.content.pm.PackageManager.GET_DISABLED_UNTIL_USED_COMPONENTS, android.content.pm.PackageManager.GET_UNINSTALLED_PACKAGES}" />
      <val name="flag" val="true" />
    </annotation>
  </item>
  <item name="android.content.pm.PackageManager android.content.pm.ActivityInfo getReceiverInfo(android.content.ComponentName, int) 1">
    <annotation name="android.support.annotation.IntDef">
      <val name="value" val="{android.content.pm.PackageManager.GET_META_DATA, android.content.pm.PackageManager.GET_SHARED_LIBRARY_FILES, android.content.pm.PackageManager.MATCH_ALL, android.content.pm.PackageManager.MATCH_DEFAULT_ONLY, android.content.pm.PackageManager.MATCH_DISABLED_COMPONENTS, android.content.pm.PackageManager.MATCH_DISABLED_UNTIL_USED_COMPONENTS, android.content.pm.PackageManager.MATCH_DIRECT_BOOT_AWARE, android.content.pm.PackageManager.MATCH_DIRECT_BOOT_UNAWARE, android.content.pm.PackageManager.MATCH_SYSTEM_ONLY, android.content.pm.PackageManager.MATCH_UNINSTALLED_PACKAGES, android.content.pm.PackageManager.GET_DISABLED_COMPONENTS, android.content.pm.PackageManager.GET_DISABLED_UNTIL_USED_COMPONENTS, android.content.pm.PackageManager.GET_UNINSTALLED_PACKAGES}" />
      <val name="flag" val="true" />
    </annotation>
  </item>
  <item name="android.content.pm.PackageManager android.content.pm.ApplicationInfo getApplicationInfo(java.lang.String, int) 1">
    <annotation name="android.support.annotation.IntDef">
      <val name="value" val="{android.content.pm.PackageManager.GET_META_DATA, android.content.pm.PackageManager.GET_SHARED_LIBRARY_FILES, android.content.pm.PackageManager.MATCH_UNINSTALLED_PACKAGES, android.content.pm.PackageManager.MATCH_SYSTEM_ONLY, android.content.pm.PackageManager.MATCH_DISABLED_UNTIL_USED_COMPONENTS, android.content.pm.PackageManager.GET_DISABLED_UNTIL_USED_COMPONENTS, android.content.pm.PackageManager.GET_UNINSTALLED_PACKAGES}" />
      <val name="flag" val="true" />
    </annotation>
  </item>
  <item name="android.content.pm.PackageManager android.content.pm.InstrumentationInfo getInstrumentationInfo(android.content.ComponentName, int) 1">
    <annotation name="android.support.annotation.IntDef">
      <val name="value" val="{android.content.pm.PackageManager.GET_META_DATA}" />
      <val name="flag" val="true" />
    </annotation>
  </item>
  <item name="android.content.pm.PackageManager android.content.pm.PackageInfo getPackageArchiveInfo(java.lang.String, int) 1">
    <annotation name="android.support.annotation.IntDef">
      <val name="value" val="{android.content.pm.PackageManager.GET_ACTIVITIES, android.content.pm.PackageManager.GET_CONFIGURATIONS, android.content.pm.PackageManager.GET_GIDS, android.content.pm.PackageManager.GET_INSTRUMENTATION, android.content.pm.PackageManager.GET_INTENT_FILTERS, android.content.pm.PackageManager.GET_META_DATA, android.content.pm.PackageManager.GET_PERMISSIONS, android.content.pm.PackageManager.GET_PROVIDERS, android.content.pm.PackageManager.GET_RECEIVERS, android.content.pm.PackageManager.GET_SERVICES, android.content.pm.PackageManager.GET_SHARED_LIBRARY_FILES, android.content.pm.PackageManager.GET_SIGNATURES, android.content.pm.PackageManager.GET_URI_PERMISSION_PATTERNS, android.content.pm.PackageManager.MATCH_UNINSTALLED_PACKAGES, android.content.pm.PackageManager.MATCH_DISABLED_COMPONENTS, android.content.pm.PackageManager.MATCH_DISABLED_UNTIL_USED_COMPONENTS, android.content.pm.PackageManager.MATCH_SYSTEM_ONLY, android.content.pm.PackageManager.GET_DISABLED_COMPONENTS, android.content.pm.PackageManager.GET_DISABLED_UNTIL_USED_COMPONENTS, android.content.pm.PackageManager.GET_UNINSTALLED_PACKAGES}" />
      <val name="flag" val="true" />
    </annotation>
  </item>
  <item name="android.content.pm.PackageManager android.content.pm.PackageInfo getPackageInfo(java.lang.String, int) 1">
    <annotation name="android.support.annotation.IntDef">
      <val name="value" val="{android.content.pm.PackageManager.GET_ACTIVITIES, android.content.pm.PackageManager.GET_CONFIGURATIONS, android.content.pm.PackageManager.GET_GIDS, android.content.pm.PackageManager.GET_INSTRUMENTATION, android.content.pm.PackageManager.GET_INTENT_FILTERS, android.content.pm.PackageManager.GET_META_DATA, android.content.pm.PackageManager.GET_PERMISSIONS, android.content.pm.PackageManager.GET_PROVIDERS, android.content.pm.PackageManager.GET_RECEIVERS, android.content.pm.PackageManager.GET_SERVICES, android.content.pm.PackageManager.GET_SHARED_LIBRARY_FILES, android.content.pm.PackageManager.GET_SIGNATURES, android.content.pm.PackageManager.GET_URI_PERMISSION_PATTERNS, android.content.pm.PackageManager.MATCH_UNINSTALLED_PACKAGES, android.content.pm.PackageManager.MATCH_DISABLED_COMPONENTS, android.content.pm.PackageManager.MATCH_DISABLED_UNTIL_USED_COMPONENTS, android.content.pm.PackageManager.MATCH_SYSTEM_ONLY, android.content.pm.PackageManager.GET_DISABLED_COMPONENTS, android.content.pm.PackageManager.GET_DISABLED_UNTIL_USED_COMPONENTS, android.content.pm.PackageManager.GET_UNINSTALLED_PACKAGES}" />
      <val name="flag" val="true" />
    </annotation>
  </item>
  <item name="android.content.pm.PackageManager android.content.pm.PackageInstaller getPackageInstaller()">
    <annotation name="android.support.annotation.NonNull" />
  </item>
  <item name="android.content.pm.PackageManager android.content.pm.PermissionGroupInfo getPermissionGroupInfo(java.lang.String, int) 1">
    <annotation name="android.support.annotation.IntDef">
      <val name="value" val="{android.content.pm.PackageManager.GET_META_DATA}" />
      <val name="flag" val="true" />
    </annotation>
  </item>
  <item name="android.content.pm.PackageManager android.content.pm.PermissionInfo getPermissionInfo(java.lang.String, int) 1">
    <annotation name="android.support.annotation.IntDef">
      <val name="value" val="{android.content.pm.PackageManager.GET_META_DATA}" />
      <val name="flag" val="true" />
    </annotation>
  </item>
  <item name="android.content.pm.PackageManager android.content.pm.ProviderInfo getProviderInfo(android.content.ComponentName, int) 1">
    <annotation name="android.support.annotation.IntDef">
      <val name="value" val="{android.content.pm.PackageManager.GET_META_DATA, android.content.pm.PackageManager.GET_SHARED_LIBRARY_FILES, android.content.pm.PackageManager.MATCH_ALL, android.content.pm.PackageManager.MATCH_DEFAULT_ONLY, android.content.pm.PackageManager.MATCH_DISABLED_COMPONENTS, android.content.pm.PackageManager.MATCH_DISABLED_UNTIL_USED_COMPONENTS, android.content.pm.PackageManager.MATCH_DIRECT_BOOT_AWARE, android.content.pm.PackageManager.MATCH_DIRECT_BOOT_UNAWARE, android.content.pm.PackageManager.MATCH_SYSTEM_ONLY, android.content.pm.PackageManager.MATCH_UNINSTALLED_PACKAGES, android.content.pm.PackageManager.GET_DISABLED_COMPONENTS, android.content.pm.PackageManager.GET_DISABLED_UNTIL_USED_COMPONENTS, android.content.pm.PackageManager.GET_UNINSTALLED_PACKAGES}" />
      <val name="flag" val="true" />
    </annotation>
  </item>
  <item name="android.content.pm.PackageManager android.content.pm.ProviderInfo resolveContentProvider(java.lang.String, int) 1">
    <annotation name="android.support.annotation.IntDef">
      <val name="value" val="{android.content.pm.PackageManager.GET_META_DATA, android.content.pm.PackageManager.GET_SHARED_LIBRARY_FILES, android.content.pm.PackageManager.MATCH_ALL, android.content.pm.PackageManager.MATCH_DEFAULT_ONLY, android.content.pm.PackageManager.MATCH_DISABLED_COMPONENTS, android.content.pm.PackageManager.MATCH_DISABLED_UNTIL_USED_COMPONENTS, android.content.pm.PackageManager.MATCH_DIRECT_BOOT_AWARE, android.content.pm.PackageManager.MATCH_DIRECT_BOOT_UNAWARE, android.content.pm.PackageManager.MATCH_SYSTEM_ONLY, android.content.pm.PackageManager.MATCH_UNINSTALLED_PACKAGES, android.content.pm.PackageManager.GET_DISABLED_COMPONENTS, android.content.pm.PackageManager.GET_DISABLED_UNTIL_USED_COMPONENTS, android.content.pm.PackageManager.GET_UNINSTALLED_PACKAGES}" />
      <val name="flag" val="true" />
    </annotation>
  </item>
  <item name="android.content.pm.PackageManager android.content.pm.ResolveInfo resolveActivity(android.content.Intent, int) 1">
    <annotation name="android.support.annotation.IntDef">
      <val name="value" val="{android.content.pm.PackageManager.GET_META_DATA, android.content.pm.PackageManager.GET_RESOLVED_FILTER, android.content.pm.PackageManager.GET_SHARED_LIBRARY_FILES, android.content.pm.PackageManager.MATCH_ALL, android.content.pm.PackageManager.MATCH_DISABLED_COMPONENTS, android.content.pm.PackageManager.MATCH_DISABLED_UNTIL_USED_COMPONENTS, android.content.pm.PackageManager.MATCH_DEFAULT_ONLY, android.content.pm.PackageManager.MATCH_DIRECT_BOOT_AWARE, android.content.pm.PackageManager.MATCH_DIRECT_BOOT_UNAWARE, android.content.pm.PackageManager.MATCH_SYSTEM_ONLY, android.content.pm.PackageManager.MATCH_UNINSTALLED_PACKAGES, android.content.pm.PackageManager.GET_DISABLED_COMPONENTS, android.content.pm.PackageManager.GET_DISABLED_UNTIL_USED_COMPONENTS, android.content.pm.PackageManager.GET_UNINSTALLED_PACKAGES}" />
      <val name="flag" val="true" />
    </annotation>
  </item>
  <item name="android.content.pm.PackageManager android.content.pm.ResolveInfo resolveService(android.content.Intent, int) 1">
    <annotation name="android.support.annotation.IntDef">
      <val name="value" val="{android.content.pm.PackageManager.GET_META_DATA, android.content.pm.PackageManager.GET_RESOLVED_FILTER, android.content.pm.PackageManager.GET_SHARED_LIBRARY_FILES, android.content.pm.PackageManager.MATCH_ALL, android.content.pm.PackageManager.MATCH_DISABLED_COMPONENTS, android.content.pm.PackageManager.MATCH_DISABLED_UNTIL_USED_COMPONENTS, android.content.pm.PackageManager.MATCH_DEFAULT_ONLY, android.content.pm.PackageManager.MATCH_DIRECT_BOOT_AWARE, android.content.pm.PackageManager.MATCH_DIRECT_BOOT_UNAWARE, android.content.pm.PackageManager.MATCH_SYSTEM_ONLY, android.content.pm.PackageManager.MATCH_UNINSTALLED_PACKAGES, android.content.pm.PackageManager.GET_DISABLED_COMPONENTS, android.content.pm.PackageManager.GET_DISABLED_UNTIL_USED_COMPONENTS, android.content.pm.PackageManager.GET_UNINSTALLED_PACKAGES}" />
      <val name="flag" val="true" />
    </annotation>
  </item>
  <item name="android.content.pm.PackageManager android.content.pm.ServiceInfo getServiceInfo(android.content.ComponentName, int) 1">
    <annotation name="android.support.annotation.IntDef">
      <val name="value" val="{android.content.pm.PackageManager.GET_META_DATA, android.content.pm.PackageManager.GET_SHARED_LIBRARY_FILES, android.content.pm.PackageManager.MATCH_ALL, android.content.pm.PackageManager.MATCH_DEFAULT_ONLY, android.content.pm.PackageManager.MATCH_DISABLED_COMPONENTS, android.content.pm.PackageManager.MATCH_DISABLED_UNTIL_USED_COMPONENTS, android.content.pm.PackageManager.MATCH_DIRECT_BOOT_AWARE, android.content.pm.PackageManager.MATCH_DIRECT_BOOT_UNAWARE, android.content.pm.PackageManager.MATCH_SYSTEM_ONLY, android.content.pm.PackageManager.MATCH_UNINSTALLED_PACKAGES, android.content.pm.PackageManager.GET_DISABLED_COMPONENTS, android.content.pm.PackageManager.GET_DISABLED_UNTIL_USED_COMPONENTS, android.content.pm.PackageManager.GET_UNINSTALLED_PACKAGES}" />
      <val name="flag" val="true" />
    </annotation>
  </item>
  <item name="android.content.pm.PackageManager android.content.res.XmlResourceParser getXml(java.lang.String, int, android.content.pm.ApplicationInfo) 1">
    <annotation name="android.support.annotation.XmlRes" />
  </item>
  <item name="android.content.pm.PackageManager android.graphics.drawable.Drawable getDrawable(java.lang.String, int, android.content.pm.ApplicationInfo) 1">
    <annotation name="android.support.annotation.DrawableRes" />
  </item>
  <item name="android.content.pm.PackageManager boolean isPermissionRevokedByPolicy(java.lang.String, java.lang.String)">
    <annotation name="android.support.annotation.CheckResult" />
  </item>
  <item name="android.content.pm.PackageManager boolean isPermissionRevokedByPolicy(java.lang.String, java.lang.String) 0">
    <annotation name="android.support.annotation.NonNull" />
  </item>
  <item name="android.content.pm.PackageManager boolean isPermissionRevokedByPolicy(java.lang.String, java.lang.String) 1">
    <annotation name="android.support.annotation.NonNull" />
  </item>
  <item name="android.content.pm.PackageManager int checkPermission(java.lang.String, java.lang.String)">
    <annotation name="android.support.annotation.CheckResult" />
  </item>
  <item name="android.content.pm.PackageManager int checkSignatures(int, int)">
    <annotation name="android.support.annotation.CheckResult" />
  </item>
  <item name="android.content.pm.PackageManager int checkSignatures(java.lang.String, java.lang.String)">
    <annotation name="android.support.annotation.CheckResult" />
  </item>
  <item name="android.content.pm.PackageManager int getPackageUid(java.lang.String, int) 1">
    <annotation name="android.support.annotation.IntDef">
      <val name="value" val="{android.content.pm.PackageManager.GET_ACTIVITIES, android.content.pm.PackageManager.GET_CONFIGURATIONS, android.content.pm.PackageManager.GET_GIDS, android.content.pm.PackageManager.GET_INSTRUMENTATION, android.content.pm.PackageManager.GET_INTENT_FILTERS, android.content.pm.PackageManager.GET_META_DATA, android.content.pm.PackageManager.GET_PERMISSIONS, android.content.pm.PackageManager.GET_PROVIDERS, android.content.pm.PackageManager.GET_RECEIVERS, android.content.pm.PackageManager.GET_SERVICES, android.content.pm.PackageManager.GET_SHARED_LIBRARY_FILES, android.content.pm.PackageManager.GET_SIGNATURES, android.content.pm.PackageManager.GET_URI_PERMISSION_PATTERNS, android.content.pm.PackageManager.MATCH_UNINSTALLED_PACKAGES, android.content.pm.PackageManager.MATCH_DISABLED_COMPONENTS, android.content.pm.PackageManager.MATCH_DISABLED_UNTIL_USED_COMPONENTS, android.content.pm.PackageManager.MATCH_SYSTEM_ONLY, android.content.pm.PackageManager.GET_DISABLED_COMPONENTS, android.content.pm.PackageManager.GET_DISABLED_UNTIL_USED_COMPONENTS, android.content.pm.PackageManager.GET_UNINSTALLED_PACKAGES}" />
      <val name="flag" val="true" />
    </annotation>
  </item>
  <item name="android.content.pm.PackageManager int getPreferredActivities(java.util.List&lt;android.content.IntentFilter&gt;, java.util.List&lt;android.content.ComponentName&gt;, java.lang.String) 0">
    <annotation name="android.support.annotation.NonNull" />
  </item>
  <item name="android.content.pm.PackageManager int getPreferredActivities(java.util.List&lt;android.content.IntentFilter&gt;, java.util.List&lt;android.content.ComponentName&gt;, java.lang.String) 1">
    <annotation name="android.support.annotation.NonNull" />
  </item>
  <item name="android.content.pm.PackageManager int[] getPackageGids(java.lang.String, int) 1">
    <annotation name="android.support.annotation.IntDef">
      <val name="value" val="{android.content.pm.PackageManager.GET_ACTIVITIES, android.content.pm.PackageManager.GET_CONFIGURATIONS, android.content.pm.PackageManager.GET_GIDS, android.content.pm.PackageManager.GET_INSTRUMENTATION, android.content.pm.PackageManager.GET_INTENT_FILTERS, android.content.pm.PackageManager.GET_META_DATA, android.content.pm.PackageManager.GET_PERMISSIONS, android.content.pm.PackageManager.GET_PROVIDERS, android.content.pm.PackageManager.GET_RECEIVERS, android.content.pm.PackageManager.GET_SERVICES, android.content.pm.PackageManager.GET_SHARED_LIBRARY_FILES, android.content.pm.PackageManager.GET_SIGNATURES, android.content.pm.PackageManager.GET_URI_PERMISSION_PATTERNS, android.content.pm.PackageManager.MATCH_UNINSTALLED_PACKAGES, android.content.pm.PackageManager.MATCH_DISABLED_COMPONENTS, android.content.pm.PackageManager.MATCH_DISABLED_UNTIL_USED_COMPONENTS, android.content.pm.PackageManager.MATCH_SYSTEM_ONLY, android.content.pm.PackageManager.GET_DISABLED_COMPONENTS, android.content.pm.PackageManager.GET_DISABLED_UNTIL_USED_COMPONENTS, android.content.pm.PackageManager.GET_UNINSTALLED_PACKAGES}" />
      <val name="flag" val="true" />
    </annotation>
  </item>
  <item name="android.content.pm.PackageManager java.lang.CharSequence getText(java.lang.String, int, android.content.pm.ApplicationInfo) 1">
    <annotation name="android.support.annotation.StringRes" />
  </item>
  <item name="android.content.pm.PackageManager java.lang.String getNameForUid(int)">
    <annotation name="android.support.annotation.Nullable" />
  </item>
  <item name="android.content.pm.PackageManager java.lang.String[] getPackagesForUid(int)">
    <annotation name="android.support.annotation.Nullable" />
  </item>
  <item name="android.content.pm.PackageManager java.util.List&lt;android.content.pm.ApplicationInfo&gt; getInstalledApplications(int) 0">
    <annotation name="android.support.annotation.IntDef">
      <val name="value" val="{android.content.pm.PackageManager.GET_META_DATA, android.content.pm.PackageManager.GET_SHARED_LIBRARY_FILES, android.content.pm.PackageManager.MATCH_UNINSTALLED_PACKAGES, android.content.pm.PackageManager.MATCH_SYSTEM_ONLY, android.content.pm.PackageManager.MATCH_DISABLED_UNTIL_USED_COMPONENTS, android.content.pm.PackageManager.GET_DISABLED_UNTIL_USED_COMPONENTS, android.content.pm.PackageManager.GET_UNINSTALLED_PACKAGES}" />
      <val name="flag" val="true" />
    </annotation>
  </item>
  <item name="android.content.pm.PackageManager java.util.List&lt;android.content.pm.InstrumentationInfo&gt; queryInstrumentation(java.lang.String, int) 1">
    <annotation name="android.support.annotation.IntDef">
      <val name="value" val="{android.content.pm.PackageManager.GET_META_DATA}" />
      <val name="flag" val="true" />
    </annotation>
  </item>
  <item name="android.content.pm.PackageManager java.util.List&lt;android.content.pm.PackageInfo&gt; getInstalledPackages(int) 0">
    <annotation name="android.support.annotation.IntDef">
      <val name="value" val="{android.content.pm.PackageManager.GET_ACTIVITIES, android.content.pm.PackageManager.GET_CONFIGURATIONS, android.content.pm.PackageManager.GET_GIDS, android.content.pm.PackageManager.GET_INSTRUMENTATION, android.content.pm.PackageManager.GET_INTENT_FILTERS, android.content.pm.PackageManager.GET_META_DATA, android.content.pm.PackageManager.GET_PERMISSIONS, android.content.pm.PackageManager.GET_PROVIDERS, android.content.pm.PackageManager.GET_RECEIVERS, android.content.pm.PackageManager.GET_SERVICES, android.content.pm.PackageManager.GET_SHARED_LIBRARY_FILES, android.content.pm.PackageManager.GET_SIGNATURES, android.content.pm.PackageManager.GET_URI_PERMISSION_PATTERNS, android.content.pm.PackageManager.MATCH_UNINSTALLED_PACKAGES, android.content.pm.PackageManager.MATCH_DISABLED_COMPONENTS, android.content.pm.PackageManager.MATCH_DISABLED_UNTIL_USED_COMPONENTS, android.content.pm.PackageManager.MATCH_SYSTEM_ONLY, android.content.pm.PackageManager.GET_DISABLED_COMPONENTS, android.content.pm.PackageManager.GET_DISABLED_UNTIL_USED_COMPONENTS, android.content.pm.PackageManager.GET_UNINSTALLED_PACKAGES}" />
      <val name="flag" val="true" />
    </annotation>
  </item>
  <item name="android.content.pm.PackageManager java.util.List&lt;android.content.pm.PackageInfo&gt; getPackagesHoldingPermissions(java.lang.String[], int) 1">
    <annotation name="android.support.annotation.IntDef">
      <val name="value" val="{android.content.pm.PackageManager.GET_ACTIVITIES, android.content.pm.PackageManager.GET_CONFIGURATIONS, android.content.pm.PackageManager.GET_GIDS, android.content.pm.PackageManager.GET_INSTRUMENTATION, android.content.pm.PackageManager.GET_INTENT_FILTERS, android.content.pm.PackageManager.GET_META_DATA, android.content.pm.PackageManager.GET_PERMISSIONS, android.content.pm.PackageManager.GET_PROVIDERS, android.content.pm.PackageManager.GET_RECEIVERS, android.content.pm.PackageManager.GET_SERVICES, android.content.pm.PackageManager.GET_SHARED_LIBRARY_FILES, android.content.pm.PackageManager.GET_SIGNATURES, android.content.pm.PackageManager.GET_URI_PERMISSION_PATTERNS, android.content.pm.PackageManager.MATCH_UNINSTALLED_PACKAGES, android.content.pm.PackageManager.MATCH_DISABLED_COMPONENTS, android.content.pm.PackageManager.MATCH_DISABLED_UNTIL_USED_COMPONENTS, android.content.pm.PackageManager.MATCH_SYSTEM_ONLY, android.content.pm.PackageManager.GET_DISABLED_COMPONENTS, android.content.pm.PackageManager.GET_DISABLED_UNTIL_USED_COMPONENTS, android.content.pm.PackageManager.GET_UNINSTALLED_PACKAGES}" />
      <val name="flag" val="true" />
    </annotation>
  </item>
  <item name="android.content.pm.PackageManager java.util.List&lt;android.content.pm.PackageInfo&gt; getPreferredPackages(int) 0">
    <annotation name="android.support.annotation.IntDef">
      <val name="value" val="{android.content.pm.PackageManager.GET_ACTIVITIES, android.content.pm.PackageManager.GET_CONFIGURATIONS, android.content.pm.PackageManager.GET_GIDS, android.content.pm.PackageManager.GET_INSTRUMENTATION, android.content.pm.PackageManager.GET_INTENT_FILTERS, android.content.pm.PackageManager.GET_META_DATA, android.content.pm.PackageManager.GET_PERMISSIONS, android.content.pm.PackageManager.GET_PROVIDERS, android.content.pm.PackageManager.GET_RECEIVERS, android.content.pm.PackageManager.GET_SERVICES, android.content.pm.PackageManager.GET_SHARED_LIBRARY_FILES, android.content.pm.PackageManager.GET_SIGNATURES, android.content.pm.PackageManager.GET_URI_PERMISSION_PATTERNS, android.content.pm.PackageManager.MATCH_UNINSTALLED_PACKAGES, android.content.pm.PackageManager.MATCH_DISABLED_COMPONENTS, android.content.pm.PackageManager.MATCH_DISABLED_UNTIL_USED_COMPONENTS, android.content.pm.PackageManager.MATCH_SYSTEM_ONLY, android.content.pm.PackageManager.GET_DISABLED_COMPONENTS, android.content.pm.PackageManager.GET_DISABLED_UNTIL_USED_COMPONENTS, android.content.pm.PackageManager.GET_UNINSTALLED_PACKAGES}" />
      <val name="flag" val="true" />
    </annotation>
  </item>
  <item name="android.content.pm.PackageManager java.util.List&lt;android.content.pm.PermissionGroupInfo&gt; getAllPermissionGroups(int) 0">
    <annotation name="android.support.annotation.IntDef">
      <val name="value" val="{android.content.pm.PackageManager.GET_META_DATA}" />
      <val name="flag" val="true" />
    </annotation>
  </item>
  <item name="android.content.pm.PackageManager java.util.List&lt;android.content.pm.PermissionInfo&gt; queryPermissionsByGroup(java.lang.String, int) 1">
    <annotation name="android.support.annotation.IntDef">
      <val name="value" val="{android.content.pm.PackageManager.GET_META_DATA}" />
      <val name="flag" val="true" />
    </annotation>
  </item>
  <item name="android.content.pm.PackageManager java.util.List&lt;android.content.pm.ProviderInfo&gt; queryContentProviders(java.lang.String, int, int) 2">
    <annotation name="android.support.annotation.IntDef">
      <val name="value" val="{android.content.pm.PackageManager.GET_META_DATA, android.content.pm.PackageManager.GET_SHARED_LIBRARY_FILES, android.content.pm.PackageManager.MATCH_ALL, android.content.pm.PackageManager.MATCH_DEFAULT_ONLY, android.content.pm.PackageManager.MATCH_DISABLED_COMPONENTS, android.content.pm.PackageManager.MATCH_DISABLED_UNTIL_USED_COMPONENTS, android.content.pm.PackageManager.MATCH_DIRECT_BOOT_AWARE, android.content.pm.PackageManager.MATCH_DIRECT_BOOT_UNAWARE, android.content.pm.PackageManager.MATCH_SYSTEM_ONLY, android.content.pm.PackageManager.MATCH_UNINSTALLED_PACKAGES, android.content.pm.PackageManager.GET_DISABLED_COMPONENTS, android.content.pm.PackageManager.GET_DISABLED_UNTIL_USED_COMPONENTS, android.content.pm.PackageManager.GET_UNINSTALLED_PACKAGES}" />
      <val name="flag" val="true" />
    </annotation>
  </item>
  <item name="android.content.pm.PackageManager java.util.List&lt;android.content.pm.ResolveInfo&gt; queryBroadcastReceivers(android.content.Intent, int) 1">
    <annotation name="android.support.annotation.IntDef">
      <val name="value" val="{android.content.pm.PackageManager.GET_META_DATA, android.content.pm.PackageManager.GET_RESOLVED_FILTER, android.content.pm.PackageManager.GET_SHARED_LIBRARY_FILES, android.content.pm.PackageManager.MATCH_ALL, android.content.pm.PackageManager.MATCH_DISABLED_COMPONENTS, android.content.pm.PackageManager.MATCH_DISABLED_UNTIL_USED_COMPONENTS, android.content.pm.PackageManager.MATCH_DEFAULT_ONLY, android.content.pm.PackageManager.MATCH_DIRECT_BOOT_AWARE, android.content.pm.PackageManager.MATCH_DIRECT_BOOT_UNAWARE, android.content.pm.PackageManager.MATCH_SYSTEM_ONLY, android.content.pm.PackageManager.MATCH_UNINSTALLED_PACKAGES, android.content.pm.PackageManager.GET_DISABLED_COMPONENTS, android.content.pm.PackageManager.GET_DISABLED_UNTIL_USED_COMPONENTS, android.content.pm.PackageManager.GET_UNINSTALLED_PACKAGES}" />
      <val name="flag" val="true" />
    </annotation>
  </item>
  <item name="android.content.pm.PackageManager java.util.List&lt;android.content.pm.ResolveInfo&gt; queryIntentActivities(android.content.Intent, int) 1">
    <annotation name="android.support.annotation.IntDef">
      <val name="value" val="{android.content.pm.PackageManager.GET_META_DATA, android.content.pm.PackageManager.GET_RESOLVED_FILTER, android.content.pm.PackageManager.GET_SHARED_LIBRARY_FILES, android.content.pm.PackageManager.MATCH_ALL, android.content.pm.PackageManager.MATCH_DISABLED_COMPONENTS, android.content.pm.PackageManager.MATCH_DISABLED_UNTIL_USED_COMPONENTS, android.content.pm.PackageManager.MATCH_DEFAULT_ONLY, android.content.pm.PackageManager.MATCH_DIRECT_BOOT_AWARE, android.content.pm.PackageManager.MATCH_DIRECT_BOOT_UNAWARE, android.content.pm.PackageManager.MATCH_SYSTEM_ONLY, android.content.pm.PackageManager.MATCH_UNINSTALLED_PACKAGES, android.content.pm.PackageManager.GET_DISABLED_COMPONENTS, android.content.pm.PackageManager.GET_DISABLED_UNTIL_USED_COMPONENTS, android.content.pm.PackageManager.GET_UNINSTALLED_PACKAGES}" />
      <val name="flag" val="true" />
    </annotation>
  </item>
  <item name="android.content.pm.PackageManager java.util.List&lt;android.content.pm.ResolveInfo&gt; queryIntentActivityOptions(android.content.ComponentName, android.content.Intent[], android.content.Intent, int) 3">
    <annotation name="android.support.annotation.IntDef">
      <val name="value" val="{android.content.pm.PackageManager.GET_META_DATA, android.content.pm.PackageManager.GET_RESOLVED_FILTER, android.content.pm.PackageManager.GET_SHARED_LIBRARY_FILES, android.content.pm.PackageManager.MATCH_ALL, android.content.pm.PackageManager.MATCH_DISABLED_COMPONENTS, android.content.pm.PackageManager.MATCH_DISABLED_UNTIL_USED_COMPONENTS, android.content.pm.PackageManager.MATCH_DEFAULT_ONLY, android.content.pm.PackageManager.MATCH_DIRECT_BOOT_AWARE, android.content.pm.PackageManager.MATCH_DIRECT_BOOT_UNAWARE, android.content.pm.PackageManager.MATCH_SYSTEM_ONLY, android.content.pm.PackageManager.MATCH_UNINSTALLED_PACKAGES, android.content.pm.PackageManager.GET_DISABLED_COMPONENTS, android.content.pm.PackageManager.GET_DISABLED_UNTIL_USED_COMPONENTS, android.content.pm.PackageManager.GET_UNINSTALLED_PACKAGES}" />
      <val name="flag" val="true" />
    </annotation>
  </item>
  <item name="android.content.pm.PackageManager java.util.List&lt;android.content.pm.ResolveInfo&gt; queryIntentContentProviders(android.content.Intent, int) 1">
    <annotation name="android.support.annotation.IntDef">
      <val name="value" val="{android.content.pm.PackageManager.GET_META_DATA, android.content.pm.PackageManager.GET_RESOLVED_FILTER, android.content.pm.PackageManager.GET_SHARED_LIBRARY_FILES, android.content.pm.PackageManager.MATCH_ALL, android.content.pm.PackageManager.MATCH_DISABLED_COMPONENTS, android.content.pm.PackageManager.MATCH_DISABLED_UNTIL_USED_COMPONENTS, android.content.pm.PackageManager.MATCH_DEFAULT_ONLY, android.content.pm.PackageManager.MATCH_DIRECT_BOOT_AWARE, android.content.pm.PackageManager.MATCH_DIRECT_BOOT_UNAWARE, android.content.pm.PackageManager.MATCH_SYSTEM_ONLY, android.content.pm.PackageManager.MATCH_UNINSTALLED_PACKAGES, android.content.pm.PackageManager.GET_DISABLED_COMPONENTS, android.content.pm.PackageManager.GET_DISABLED_UNTIL_USED_COMPONENTS, android.content.pm.PackageManager.GET_UNINSTALLED_PACKAGES}" />
      <val name="flag" val="true" />
    </annotation>
  </item>
  <item name="android.content.pm.PackageManager java.util.List&lt;android.content.pm.ResolveInfo&gt; queryIntentServices(android.content.Intent, int) 1">
    <annotation name="android.support.annotation.IntDef">
      <val name="value" val="{android.content.pm.PackageManager.GET_META_DATA, android.content.pm.PackageManager.GET_RESOLVED_FILTER, android.content.pm.PackageManager.GET_SHARED_LIBRARY_FILES, android.content.pm.PackageManager.MATCH_ALL, android.content.pm.PackageManager.MATCH_DISABLED_COMPONENTS, android.content.pm.PackageManager.MATCH_DISABLED_UNTIL_USED_COMPONENTS, android.content.pm.PackageManager.MATCH_DEFAULT_ONLY, android.content.pm.PackageManager.MATCH_DIRECT_BOOT_AWARE, android.content.pm.PackageManager.MATCH_DIRECT_BOOT_UNAWARE, android.content.pm.PackageManager.MATCH_SYSTEM_ONLY, android.content.pm.PackageManager.MATCH_UNINSTALLED_PACKAGES, android.content.pm.PackageManager.GET_DISABLED_COMPONENTS, android.content.pm.PackageManager.GET_DISABLED_UNTIL_USED_COMPONENTS, android.content.pm.PackageManager.GET_UNINSTALLED_PACKAGES}" />
      <val name="flag" val="true" />
    </annotation>
  </item>
</root>

