<?xml version="1.0" encoding="UTF-8"?>
<root>
  <item name="android.os.storage.StorageManager android.os.storage.StorageVolume getPrimaryStorageVolume()">
    <annotation name="android.support.annotation.NonNull" />
  </item>
  <item name="android.os.storage.StorageManager android.os.storage.StorageVolume getStorageVolume(java.io.File)">
    <annotation name="android.support.annotation.Nullable" />
  </item>
  <item name="android.os.storage.StorageManager java.util.List&lt;android.os.storage.StorageVolume&gt; getStorageVolumes()">
    <annotation name="android.support.annotation.NonNull" />
  </item>
  <item name="android.os.storage.StorageVolume android.content.Intent createAccessIntent(java.lang.String)">
    <annotation name="android.support.annotation.Nullable" />
  </item>
  <item name="android.os.storage.StorageVolume java.lang.String getUuid()">
    <annotation name="android.support.annotation.Nullable" />
  </item>
</root>

